id,name,scientific_name
agri.pest_disease_accelerated_boll_burst_earlier_harvest,Accelerated boll burst (earlier harvest),
agri.pest_disease_alternaria_spot_alternaria_citri,Alternaria spot,Alternaria citri
agri.pest_disease_alternaria_spot_alternaria_porri,Alternaria spot,Alternaria porri
agri.pest_disease_angular_leaf_spot_ascochyta_spp,Angular leaf spot,Ascochyta spp.
agri.pest_disease_antestia_bug,Antestia bug,
agri.pest_disease_antestia_bug_agrotis_spp,Antestia bug,Agrotis spp.
agri.pest_disease_antestia_bug_myzus_persicae,Antestia bug,Myzus persicae
agri.pest_disease_anthracnose_actinonema_spp,Anthracnose,Actinonema spp.
agri.pest_disease_anthracnose_alternaria_solani,Anthracnose,Alternaria solani
agri.pest_disease_anthracnose_alternaria_spp,Anthracnose,Alternaria spp.
agri.pest_disease_anthracnose_botrytis_spp,Anthracnose,Botrytis spp.
agri.pest_disease_anthracnose_cercospora_spp,Anthracnose,Cercospora spp.
agri.pest_disease_anthracnose_colletotrichum_destructivum,Anthracnose,Colletotrichum destructivum
agri.pest_disease_anthracnose_colletotrichum_graminicola,Anthracnose,Colletotrichum graminicola
agri.pest_disease_anthracnose_phytophthora_infestans,Anthracnose,Phytophthora infestans
agri.pest_disease_anthracnose_pseudocercospora_purpurea,Anthracnose,Pseudocercospora purpurea
agri.pest_disease_ants,Ants,
agri.pest_disease_ants_agrotis_spp,Ants,Agrotis spp.
agri.pest_disease_ants_alphitobius_diaperinus,Ants,Alphitobius diaperinus
agri.pest_disease_ants_argentine_ants_anoplolepis_custodiens,Ants - Argentine ants,Anoplolepis custodiens
agri.pest_disease_ants_argentine_ants_aonidiella_aurantii,Ants - Argentine ants,Aonidiella aurantii
agri.pest_disease_ants_argentine_ants_brevicoryne_brassicae,Ants - Argentine ants,Brevicoryne brassicae
agri.pest_disease_ants_argentine_ants_linepithema_humile,Ants - Argentine ants,Linepithema humile
agri.pest_disease_ants_astylus,Ants,Astylus
agri.pest_disease_ants_brown_house_ants_alphitobius_diaperinus,Ants - Brown house ants,Alphitobius diaperinus
agri.pest_disease_ants_cocktail_ants_brevicoryne_brassicae,Ants - Cocktail ants,Brevicoryne brassicae
agri.pest_disease_ants_cocktail_ants_diuraphis_noxia,Ants - Cocktail ants,Diuraphis noxia
agri.pest_disease_ants_pugnacious_ants_anoplolepis_steingroeveri,Ants - Pugnacious ants,Anoplolepis steingroeveri
agri.pest_disease_aphids,Aphids,
agri.pest_disease_aphids_achaea_spp,Aphids,Achaea spp.
agri.pest_disease_aphids_acyrthosiphon_hordium,Aphids,Acyrthosiphon hordium
agri.pest_disease_aphids_agrotis_spp,Aphids,Agrotis spp.
agri.pest_disease_aphids_aleurothrixus_floccosus,Aphids,Aleurothrixus floccosus
agri.pest_disease_aphids_all_species,Aphids,All species
agri.pest_disease_aphids_aonidiella_aurantii,Aphids,Aonidiella aurantii
agri.pest_disease_aphids_aphis_spp,Aphids,Aphis spp.
agri.pest_disease_aphids_black_citrus_aphid_cydia_pomonella,Aphids - Black citrus aphid,Cydia pomonella
agri.pest_disease_aphids_black_peach_aphid_brevicoryne_brassicae,Aphids - Black peach aphid,Brevicoryne brassicae
agri.pest_disease_aphids_brachycaudus_persicae,Aphids,Brachycaudus persicae
agri.pest_disease_aphids_brevicoryne_brassicae,Aphids,Brevicoryne brassicae
agri.pest_disease_aphids_brown_aphid,Aphids - Brown aphid,
agri.pest_disease_aphids_brown_aphid_brevicoryne_brassicae,Aphids - Brown aphid,Brevicoryne brassicae
agri.pest_disease_aphids_brown_aphid_macrosiphum_avenae,Aphids - Brown aphid,Macrosiphum avenae
agri.pest_disease_aphids_brown_ear_aphid_aonidiella_aurantii,Aphids - Brown ear aphid,Aonidiella aurantii
agri.pest_disease_aphids_brown_ear_aphid_aphis_gossypii,Aphids - Brown ear aphid,Aphis gossypii
agri.pest_disease_aphids_brown_wheat_ear_aphid_aulacaspis_tubercularis,Aphids - Brown wheat ear aphid,Aulacaspis tubercularis
agri.pest_disease_aphids_brown_wheat_ear_aphid_brevicoryne_brassicae,Aphids - Brown wheat ear aphid,Brevicoryne brassicae
agri.pest_disease_aphids_brown_wheat_ear_aphid_diuraphis_noxia,Aphids - Brown wheat ear aphid,Diuraphis noxia
agri.pest_disease_aphids_busseola,Aphids,Busseola
agri.pest_disease_aphids_cabbage_aphid,Aphids - Cabbage aphid,
agri.pest_disease_aphids_cabbage_aphid_aphis_gossypii,Aphids - Cabbage aphid,Aphis gossypii
agri.pest_disease_aphids_cabbage_aphid_brevicoryne_brassicae,Aphids - Cabbage aphid,Brevicoryne brassicae
agri.pest_disease_aphids_cabbage_aphid_diuraphis_noxia,Aphids - Cabbage aphid,Diuraphis noxia
agri.pest_disease_aphids_cabbage_aphid_macrosiphum_avenae,Aphids - Cabbage aphid,Macrosiphum avenae
agri.pest_disease_aphids_cabbage_aphid_myzus_persicae,Aphids - Cabbage aphid,Myzus persicae
agri.pest_disease_aphids_citrus_aphid_plutella_xylostella,Aphids - Citrus aphid,Plutella xylostella
agri.pest_disease_aphids_citrus_aphid_toxoptera_spp,Aphids - Citrus aphid,Toxoptera spp.
agri.pest_disease_aphids_cotton_aphid_aonidiella_aurantii,Aphids - Cotton aphid,Aonidiella aurantii
agri.pest_disease_aphids_cotton_aphid_aphis_gossypii,Aphids - Cotton aphid,Aphis gossypii
agri.pest_disease_aphids_cruciferae_aphid_brevicoryne_brassicae,Aphids - Cruciferae aphid,Brevicoryne brassicae
agri.pest_disease_aphids_cydia_molesta,Aphids,Cydia molesta
agri.pest_disease_aphids_ditylenchus_atricanus,Aphids,Ditylenchus atricanus
agri.pest_disease_aphids_ditylenchus_destructor,Aphids,Ditylenchus destructor
agri.pest_disease_aphids_diuraphis_noxia,Aphids,Diuraphis noxia
agri.pest_disease_aphids_funnel_aphid_melanaphis_sacchari,Aphids - Funnel aphid,Melanaphis sacchari
agri.pest_disease_aphids_gonipterus_scuttelatus,Aphids,Gonipterus scuttelatus
agri.pest_disease_aphids_green_aphid,Aphids - Green aphid,
agri.pest_disease_aphids_green_aphid_rhopalosiphum_maidis,Aphids - Green aphid,Rhopalosiphum maidis
agri.pest_disease_aphids_green_aphid_schizaphis_graminum,Aphids - Green aphid,Schizaphis graminum
agri.pest_disease_aphids_green_peach_aphid,Aphids - Green peach aphid,
agri.pest_disease_aphids_green_peach_aphid_aphis_gossypii,Aphids - Green peach aphid,Aphis gossypii
agri.pest_disease_aphids_green_peach_aphid_bemisia_tabaci,Aphids - Green peach aphid,Bemisia tabaci
agri.pest_disease_aphids_green_peach_aphid_cydia_pomonella,Aphids - Green peach aphid,Cydia pomonella
agri.pest_disease_aphids_green_peach_aphid_myzus_persicae,Aphids - Green peach aphid,Myzus persicae
agri.pest_disease_aphids_helicoverpa_armigera,Aphids,Helicoverpa armigera
agri.pest_disease_aphids_heliothis_armigera,Aphids,Heliothis armigera
agri.pest_disease_aphids_honeydew_aphid,Aphids - Honeydew aphid,
agri.pest_disease_aphids_macrosiphum_rosae,Aphids,Macrosiphum rosae
agri.pest_disease_aphids_maize_aphid_bemisia_tabaci_biotype_b,Aphids - Maize aphid,Bemisia tabaci Biotype B
agri.pest_disease_aphids_oat_aphid_cydia_pomonella,Aphids - Oat aphid,Cydia pomonella
agri.pest_disease_aphids_oat_aphid_diuraphis_noxia,Aphids - Oat aphid,Diuraphis noxia
agri.pest_disease_aphids_oat_aphid_myzus_persicae,Aphids - Oat aphid,Myzus persicae
agri.pest_disease_aphids_oat_aphid_rhopalosiphum_padi,Aphids - Oat aphid,Rhopalosiphum padi
agri.pest_disease_aphids_peach_aphid,Aphids - Peach aphid,
agri.pest_disease_aphids_planococcus_spp,Aphids,Planococcus spp.
agri.pest_disease_aphids_plusia,Aphids,Plusia
agri.pest_disease_aphids_potato_aphid_eutetranychus_orientalis,Aphids - Potato aphid,Eutetranychus orientalis
agri.pest_disease_aphids_rhopalosiphum_padi,Aphids,Rhopalosiphum padi
agri.pest_disease_aphids_russian_wheat_aphid,Aphids - Russian wheat aphid,
agri.pest_disease_aphids_russian_wheat_aphid_astylus_spp,Aphids - Russian wheat aphid,Astylus spp.
agri.pest_disease_aphids_russian_wheat_aphid_diuraphis_noxia,Aphids - Russian wheat aphid,Diuraphis noxia
agri.pest_disease_aphids_russian_wheat_aphid_eriosoma_lanigerum,Aphids - Russian wheat aphid,Eriosoma lanigerum
agri.pest_disease_aphids_russian_wheat_aphid_nysius_natalensis,Aphids - Russian wheat aphid,Nysius natalensis
agri.pest_disease_aphids_russian_wheat_aphid_schizaphis_graminum,Aphids - Russian wheat aphid,Schizaphis graminum
agri.pest_disease_aphids_small_grain_aphid_thrips_tabaci,Aphids - Small grain aphid,Thrips tabaci
agri.pest_disease_aphids_spodoptera_frugiperda,Aphids,Spodoptera frugiperda
agri.pest_disease_aphids_tetranychus_urticae,Aphids,Tetranychus urticae
agri.pest_disease_aphids_various_spp,Aphids,Various spp.
agri.pest_disease_aphids_wheat_aphid,Aphids - Wheat aphid,
agri.pest_disease_aphids_wheat_aphid_brevicoryne_brassicae,Aphids - Wheat aphid,Brevicoryne brassicae
agri.pest_disease_aphids_wheat_aphid_frankliniella_occidentalis,Aphids - Wheat aphid,Frankliniella occidentalis
agri.pest_disease_aphids_wheat_aphid_nipaecoccus_viridus,Aphids - Wheat aphid,Nipaecoccus viridus
agri.pest_disease_aphids_wheat_aphid_rhopalosiphum_padi,Aphids - Wheat aphid,Rhopalosiphum padi
agri.pest_disease_aphids_wheat_aphid_sitobion_avenae,Aphids - Wheat aphid,Sitobion avenae
agri.pest_disease_aphids_woolly_aphid,Aphids - Woolly aphid,
agri.pest_disease_aphids_woolly_aphid_brevicoryne_brassicae,Aphids - Woolly aphid,Brevicoryne brassicae
agri.pest_disease_aphids_woolly_aphid_eriosoma_lanigerum,Aphids - Woolly aphid,Eriosoma lanigerum
agri.pest_disease_aphids_woolly_apple_aphid_aonidiella_aurantii,Aphids - Woolly apple aphid,Aonidiella aurantii
agri.pest_disease_aphids_woolly_apple_aphid_eriosoma_lanigerum,Aphids - Woolly apple aphid,Eriosoma lanigerum
agri.pest_disease_aphids_woolly_apple_aphid_planococcus_citri,Aphids - Woolly apple aphid,Planococcus citri
agri.pest_disease_army_worm,Army worm,
agri.pest_disease_army_worm_anatrachyntis_rileyi,Army worm,Anatrachyntis rileyi
agri.pest_disease_army_worm_anomis,Army worm,Anomis
agri.pest_disease_army_worm_anoplolepis_custodiens,Army worm,Anoplolepis custodiens
agri.pest_disease_army_worm_busseola_fusca,Army worm,Busseola fusca
agri.pest_disease_army_worm_cacosceles_spp,Army worm,Cacosceles spp.
agri.pest_disease_army_worm_chrysodeixis_acuta,Army worm,Chrysodeixis acuta
agri.pest_disease_army_worm_fall_armyworm,Army worm - Fall armyworm,
agri.pest_disease_army_worm_fall_armyworm_agrotis_spp,Army worm - Fall armyworm,Agrotis spp.
agri.pest_disease_army_worm_fall_armyworm_busseola_fusca,Army worm - Fall armyworm,Busseola fusca
agri.pest_disease_army_worm_fall_armyworm_chrysodeixis_acuta,Army worm - Fall armyworm,Chrysodeixis acuta
agri.pest_disease_army_worm_fall_armyworm_cydia_pomonella,Army worm - Fall armyworm,Cydia pomonella
agri.pest_disease_army_worm_fall_armyworm_phthorimaea_operculella,Army worm - Fall armyworm,Phthorimaea operculella
agri.pest_disease_army_worm_false_armyworm_spodoptera_frugiperda,Army worm - False armyworm,Spodoptera frugiperda
agri.pest_disease_army_worm_lesser_army_worm,Army worm - Lesser army worm,
agri.pest_disease_army_worm_lesser_army_worm_busseola_fusca,Army worm - Lesser army worm,Busseola fusca
agri.pest_disease_army_worm_lesser_army_worm_ceratitis_capitata,Army worm - Lesser army worm,Ceratitis capitata
agri.pest_disease_army_worm_lesser_army_worm_spodoptera,Army worm - Lesser army worm,Spodoptera
agri.pest_disease_army_worm_lesser_army_worm_various_spp,Army worm - Lesser army worm,Various spp.
agri.pest_disease_army_worm_leucania_loreyi,Army worm,Leucania loreyi
agri.pest_disease_army_worm_phthorimaea_operculella,Army worm,Phthorimaea operculella
agri.pest_disease_army_worm_plusia,Army worm,Plusia
agri.pest_disease_army_worm_plusia_spp,Army worm,Plusia spp.
agri.pest_disease_ascochyta_blight_alternaria_spp,Ascochyta blight,Alternaria spp.
agri.pest_disease_ascochyta_leaf_spot_botrytis_cinerea,Ascochyta leaf spot,Botrytis cinerea
agri.pest_disease_aspergillus_spp_penicillium_spp,Aspergillus spp.,Penicillium spp.
agri.pest_disease_astylus_beetle,Astylus beetle,
agri.pest_disease_astylus_beetle_buphonella_murina,Astylus beetle,Buphonella murina
agri.pest_disease_astylus_beetle_buphonella_spp,Astylus beetle,Buphonella spp.
agri.pest_disease_astylus_beetle_various_spp,Astylus beetle,Various spp.
agri.pest_disease_australian_bug,Australian bug,
agri.pest_disease_bacterial_blight_rhizoctonia_solani,Bacterial blight,Rhizoctonia solani
agri.pest_disease_bacterial_canker,Bacterial canker,
agri.pest_disease_bacterial_spot,Bacterial spot,
agri.pest_disease_bagrada_bug,Bagrada bug,
agri.pest_disease_bark_borer_cactoblastis_cactorum,Bark borer,Cactoblastis cactorum
agri.pest_disease_base_rot_perenospora_rubi,Base rot,Perenospora rubi
agri.pest_disease_bedbugs,Bedbugs,
agri.pest_disease_berry_enlargement,Berry enlargement,
agri.pest_disease_black_core_rot_alternaria_alternata,Black core rot,Alternaria alternata
agri.pest_disease_black_leg_cercospera_zeaemaydis,Black leg,Cercospera zeaemaydis
agri.pest_disease_black_maize_beetle,Black maize beetle,
agri.pest_disease_black_maize_beetle_astylus_atromaculatus,Black maize beetle,Astylus atromaculatus
agri.pest_disease_black_maize_beetle_busseola_fusca,Black maize beetle,Busseola fusca
agri.pest_disease_black_maize_beetle_cicadulina_mbila,Black maize beetle,Cicadulina mbila
agri.pest_disease_black_moth,Black moth,
agri.pest_disease_black_scurf_rhizoctonia,Black scurf,Rhizoctonia
agri.pest_disease_black_scurf_rhizoctonia_solani,Black scurf,Rhizoctonia solani
agri.pest_disease_black_shank_cycloconium_oleaginum,Black shank,Cycloconium oleaginum
agri.pest_disease_black_speckle_phyllosticta_spp,Black speckle,Phyllosticta spp.
agri.pest_disease_black_spot,Black spot,
agri.pest_disease_black_spot_ascochyta_spp,Black spot,Ascochyta spp.
agri.pest_disease_black_spot_botrytis_cinerea,Black spot,Botrytis cinerea
agri.pest_disease_black_spot_botrytis_spp,Black spot,Botrytis spp.
agri.pest_disease_black_spot_venturia_inaequalis,Black spot,Venturia inaequalis
agri.pest_disease_blossom_blight,Blossom blight,
agri.pest_disease_blossom_blight_botryosphaeria_spp,Blossom blight,Botryosphaeria spp.
agri.pest_disease_blossom_blight_botrytis_spp,Blossom blight,Botrytis spp.
agri.pest_disease_blossom_blight_diplodia_spp,Blossom blight,Diplodia spp.
agri.pest_disease_blossom_blight_erysiphe_graminis,Blossom blight,Erysiphe graminis
agri.pest_disease_blossom_blight_monilinia_laxa,Blossom blight,Monilinia laxa
agri.pest_disease_blossom-end_rot,Blossom-end rot,
agri.pest_disease_blossom-end_rot_diplodia_spp,Blossom-end rot,Diplodia spp.
agri.pest_disease_blossom-end_rot_fusarium_spp,Blossom-end rot,Fusarium spp.
agri.pest_disease_blue_mould,Blue mould,
agri.pest_disease_blue_mould_botrytis_cinerea,Blue mould,Botrytis cinerea
agri.pest_disease_blue_mould_penicillium_digitatum,Blue mould,Penicillium digitatum
agri.pest_disease_bollworm_african_american_bollworm,Bollworm - African (American) bollworm,
agri.pest_disease_bollworm_african_american_bollworm_agrotis_spp,Bollworm - African (American) bollworm,Agrotis spp.
agri.pest_disease_bollworm_african_american_bollworm_ascotis_spp,Bollworm - African (American) bollworm,Ascotis spp.
agri.pest_disease_bollworm_african_american_bollworm_busseola_fusca,Bollworm - African (American) bollworm,Busseola fusca
agri.pest_disease_bollworm_african_american_bollworm_ceratitis_capitata,Bollworm - African (American) bollworm,Ceratitis capitata
agri.pest_disease_bollworm_african_american_bollworm_chilo_partellus,Bollworm - African (American) bollworm,Chilo partellus
agri.pest_disease_bollworm_african_american_bollworm_cryptophlebia_batrachopa,Bollworm - African (American) bollworm,Cryptophlebia batrachopa
agri.pest_disease_bollworm_african_american_bollworm_cydia_pomonella,Bollworm - African (American) bollworm,Cydia pomonella
agri.pest_disease_bollworm_african_american_bollworm_helicoverpa_armigera,Bollworm - African (American) bollworm,Helicoverpa armigera
agri.pest_disease_bollworm_african_american_bollworm_plutella_xylostella,Bollworm - African (American) bollworm,Plutella xylostella
agri.pest_disease_bollworm_african_american_bollworm_tetranychus_lombardinii,Bollworm - African (American) bollworm,Tetranychus lombardinii
agri.pest_disease_bollworm_african_american_bollworm_tetranychus_urticae,Bollworm - African (American) bollworm,Tetranychus urticae
agri.pest_disease_bollworm_red_bollworm,Bollworm - Red bollworm,
agri.pest_disease_bollworm_red_bollworm_busseola_fusca,Bollworm - Red bollworm,Busseola fusca
agri.pest_disease_bollworm_red_bollworm_chilo_partellus,Bollworm - Red bollworm,Chilo partellus
agri.pest_disease_bollworm_red_bollworm_colias_electo,Bollworm - Red bollworm,Colias electo
agri.pest_disease_bollworm_red_bollworm_dactylopius_spp,Bollworm - Red bollworm,Dactylopius spp.
agri.pest_disease_bollworm_spiny_bollworm,Bollworm - Spiny bollworm,
agri.pest_disease_bollworm_spiny_bollworm_chilo_partellus,Bollworm - Spiny bollworm,Chilo partellus
agri.pest_disease_bollworm_spiny_bollworm_colias_electo,Bollworm - Spiny bollworm,Colias electo
agri.pest_disease_bollworm_spiny_bollworm_cryptophlebia_leucotreta,Bollworm - Spiny bollworm,Cryptophlebia leucotreta
agri.pest_disease_bollworm_spiny_bollworm_diparopsis_castanea,Bollworm - Spiny bollworm,Diparopsis castanea
agri.pest_disease_bollworm_spiny_bollworm_xanthodes,Bollworm - Spiny bollworm,Xanthodes
agri.pest_disease_botrytis,Botrytis,
agri.pest_disease_botrytis_alternaria_porri,Botrytis,Alternaria porri
agri.pest_disease_botrytis_botrytis,Botrytis,Botrytis
agri.pest_disease_botrytis_botrytis_cinerea,Botrytis,Botrytis cinerea
agri.pest_disease_botrytis_botrytis_spp,Botrytis,Botrytis spp.
agri.pest_disease_botrytis_cercospora_arachidicola,Botrytis,Cercospora arachidicola
agri.pest_disease_botrytis_fusarium_spp,Botrytis,Fusarium spp.
agri.pest_disease_botrytis_monilinia_spp,Botrytis,Monilinia spp.
agri.pest_disease_botrytis_phytophthora_infestans,Botrytis,Phytophthora infestans
agri.pest_disease_botrytis_stem_rot_cercospora_arachidicola,Botrytis stem rot,Cercospora arachidicola
agri.pest_disease_brown_patch_blumeria_graminis,Brown patch,Blumeria graminis
agri.pest_disease_brown_patch_botrytis_cinerea,Brown patch,Botrytis cinerea
agri.pest_disease_brown_patch_guignardia_citricarpa,Brown patch,Guignardia citricarpa
agri.pest_disease_brown_rot,Brown rot,
agri.pest_disease_brown_rot_fusarium,Brown rot,Fusarium
agri.pest_disease_brown_rot_monilinia_penicillium_spp,Brown rot - Monilinia,Penicillium spp.
agri.pest_disease_brown_rot_monilinia_spp,Brown rot,Monilinia spp.
agri.pest_disease_brown_rot_oidiopsis_taurica,Brown rot,Oidiopsis taurica
agri.pest_disease_brown_spot_alternaria_alternata,Brown spot,Alternaria alternata
agri.pest_disease_brown_spot_alternaria_citri,Brown spot,Alternaria citri
agri.pest_disease_cabbage_webworm_earias_biplaga,Cabbage webworm,Earias biplaga
agri.pest_disease_cabbage_webworm_helicoverpa_armigera,Cabbage webworm,Helicoverpa armigera
agri.pest_disease_cabbage_webworm_hellula_undalis,Cabbage webworm,Hellula undalis
agri.pest_disease_cabbage_white_butterfly_earias_insulana,Cabbage white butterfly,Earias insulana
agri.pest_disease_cabbage_white_butterfly_hellula_undalis,Cabbage white butterfly,Hellula undalis
agri.pest_disease_cabbage_white_butterfly_phlyctinus_callosus,Cabbage white butterfly,Phlyctinus callosus
agri.pest_disease_cactoblastis,Cactoblastis,
agri.pest_disease_cactoblastis_cydia_pomonella,Cactoblastis,Cydia pomonella
agri.pest_disease_cactoblastis_diparopsis_castanea,Cactoblastis,Diparopsis castanea
agri.pest_disease_calyx_abscission_prevention,Calyx abscission prevention,
agri.pest_disease_calyx-end_rot_helminthosporium_spp,Calyx-end rot,Helminthosporium spp.
agri.pest_disease_calyx-end_russetting,Calyx-end russetting,
agri.pest_disease_cane_eradication,Cane eradication,
agri.pest_disease_carnation_worm,Carnation worm,
agri.pest_disease_caterpillars_colias_electo,Caterpillars,Colias electo
agri.pest_disease_caterpillars_diparopsis_castanea,Caterpillars,Diparopsis castanea
agri.pest_disease_caterpillars_dysdercus_spp,Caterpillars,Dysdercus spp.
agri.pest_disease_cercospora_leaf_spot,Cercospora leaf spot,
agri.pest_disease_cercospora_leaf_spot_alternaria_solani,Cercospora leaf spot,Alternaria solani
agri.pest_disease_cercospora_leaf_spot_penicillium_spp,Cercospora leaf spot,Penicillium spp.
agri.pest_disease_cercospora_leaf_spot_sclerotinia_sclerotiorum,Cercospora leaf spot,Sclerotinia sclerotiorum
agri.pest_disease_cercospora_spot_cercospora_zeae-maydis,Cercospora spot,Cercospora zeae-maydis
agri.pest_disease_cercospora_spot_guignardia_citricarpa,Cercospora spot,Guignardia citricarpa
agri.pest_disease_chafer_beetle,Chafer beetle,
agri.pest_disease_chafer_beetle_dysdercus_spp,Chafer beetle,Dysdercus spp.
agri.pest_disease_chafer_beetle_earias_spp,Chafer beetle,Earias spp.
agri.pest_disease_chilo_stemborer_busseola_fusca,Chilo stemborer,Busseola fusca
agri.pest_disease_chilo_stemborer_chilo_partellus,Chilo stemborer,Chilo partellus
agri.pest_disease_citrus_black_spot,Citrus black spot,
agri.pest_disease_citrus_black_spot_cercospora_zeae-maydis,Citrus black spot,Cercospora zeae-maydis
agri.pest_disease_citrus_black_spot_colletotrichum_gloeosporioides,Citrus black spot,Colletotrichum gloeosporioides
agri.pest_disease_citrus_black_spot_guignardia_citricarpa,Citrus black spot,Guignardia citricarpa
agri.pest_disease_citrus_black_spot_marasmius_spp,Citrus black spot,Marasmius spp.
agri.pest_disease_citrus_black_spot_phomopsis_viticola,Citrus black spot,Phomopsis viticola
agri.pest_disease_citrus_black_spot_pseudocercospora_purpurea,Citrus black spot,Pseudocercospora purpurea
agri.pest_disease_citrus_black_spot_sclerotinia_sclerotiorum,Citrus black spot,Sclerotinia sclerotiorum
agri.pest_disease_cmr_beetle,CMR beetle,
agri.pest_disease_cobweb_disease,Cobweb disease,
agri.pest_disease_cochineal,Cochineal,
agri.pest_disease_cochineal_brevipalpus_californicus,Cochineal,Brevipalpus californicus
agri.pest_disease_cockroaches,Cockroaches,
agri.pest_disease_codling_moth,Codling moth,
agri.pest_disease_codling_moth_busseola_fusca,Codling moth,Busseola fusca
agri.pest_disease_codling_moth_colias_electo,Codling moth,Colias electo
agri.pest_disease_codling_moth_cydia_pomonella,Codling moth,Cydia pomonella
agri.pest_disease_codling_moth_earias_spp,Codling moth,Earias spp.
agri.pest_disease_codling_moth_eremnus_setulosus,Codling moth,Eremnus setulosus
agri.pest_disease_codling_moth_frankliniella_occidentalis,Codling moth,Frankliniella occidentalis
agri.pest_disease_codling_moth_grapholita_molesta,Codling moth,Grapholita molesta
agri.pest_disease_codling_moth_helicoverpa_armigera,Codling moth,Helicoverpa armigera
agri.pest_disease_codling_moth_nezara_viridula,Codling moth,Nezara viridula
agri.pest_disease_codling_moth_phlyctinus_callosus,Codling moth,Phlyctinus callosus
agri.pest_disease_codling_moth_phthorimaea_operculella,Codling moth,Phthorimaea operculella
agri.pest_disease_codling_moth_planococcus_ficus,Codling moth,Planococcus ficus
agri.pest_disease_codling_moth_plutella_xylostella,Codling moth,Plutella xylostella
agri.pest_disease_codling_moth_scirtothrips_aurantii,Codling moth,Scirtothrips aurantii
agri.pest_disease_collar_rot,Collar rot,
agri.pest_disease_collar_rot_phytophthora,Collar rot,Phytophthora
agri.pest_disease_collar_rot_phytophthora_infestans,Collar rot,Phytophthora infestans
agri.pest_disease_collar_rot_ustilago,Collar rot,Ustilago
agri.pest_disease_colour_development,Colour development,
agri.pest_disease_cotton_stainer_eremnus_cerealis,Cotton stainer,Eremnus cerealis
agri.pest_disease_cotton_stainer_phlyctinus_callosus,Cotton stainer,Phlyctinus callosus
agri.pest_disease_cover_crop_destruction,Cover crop destruction,
agri.pest_disease_covered_smut,Covered smut,
agri.pest_disease_covered_smut_ustilago_hordei,Covered smut,Ustilago hordei
agri.pest_disease_crickets,Crickets,
agri.pest_disease_crickets_mole_cricket,Crickets - Mole cricket,
agri.pest_disease_crickets_mole_cricket_pseudococcus_longispinus,Crickets - Mole cricket,Pseudococcus longispinus
agri.pest_disease_crickets_mole_cricket_scarabaeidae_spp,Crickets - Mole cricket,Scarabaeidae spp.
agri.pest_disease_crown_rot,Crown rot,
agri.pest_disease_curly_leaf,Curly leaf,
agri.pest_disease_cutworm,Cutworm,
agri.pest_disease_cutworm_chilo_partellus,Cutworm,Chilo partellus
agri.pest_disease_cutworm_eremnus_setulosus,Cutworm,Eremnus setulosus
agri.pest_disease_cutworm_gonimbrasia_tyrrhea,Cutworm,Gonimbrasia tyrrhea
agri.pest_disease_cutworm_helicoverpa_armigera,Cutworm,Helicoverpa armigera
agri.pest_disease_cutworm_nezara_viridula,Cutworm,Nezara viridula
agri.pest_disease_cutworm_phlyctinus_callosus,Cutworm,Phlyctinus callosus
agri.pest_disease_damping-off,Damping-off,
agri.pest_disease_damping-off_fusarium_fusarium,Damping-off - Fusarium,Fusarium
agri.pest_disease_damping-off_fusarium_fusarium_spp,Damping-off - Fusarium,Fusarium spp.
agri.pest_disease_damping-off_fusarium_phytophthora_nicotianae,Damping-off - Fusarium,Phytophthora nicotianae
agri.pest_disease_damping-off_fusarium_spp,Damping-off,Fusarium spp.
agri.pest_disease_damping-off_pythium_heterodera_spp,Damping-off - Pythium,Heterodera spp.
agri.pest_disease_damping-off_pythium_phytophthora,Damping-off - Pythium,Phytophthora
agri.pest_disease_damping-off_pythium_pythium_spp,Damping-off - Pythium,Pythium spp.
agri.pest_disease_damping-off_rhizoctonia_meloidogyne_spp,Damping-off - Rhizoctonia,Meloidogyne spp.
agri.pest_disease_damping-off_rhizoctonia_rhizoctonia_spp,Damping-off - Rhizoctonia,Rhizoctonia spp.
agri.pest_disease_damping-off_rhizoctonia_streptomyces_scabies,Damping-off - Rhizoctonia,Streptomyces scabies
agri.pest_disease_damping-off_sclerotinia_sclerotiorum,Damping-off,Sclerotinia sclerotiorum
agri.pest_disease_dead_arm,Dead arm,
agri.pest_disease_dead_arm_plasmopara_viticola,Dead arm,Plasmopara viticola
agri.pest_disease_delayed_foliation,Delayed foliation,
agri.pest_disease_desiccation,Desiccation,
agri.pest_disease_diamond_back_moth,Diamond back moth,
agri.pest_disease_diamond_back_moth_chrysodeixis_spp,Diamond back moth,Chrysodeixis spp.
agri.pest_disease_diamond_back_moth_crocidolomia_pavonana,Diamond back moth,Crocidolomia pavonana
agri.pest_disease_diamond_back_moth_gonimbrasia_tyrrhea,Diamond back moth,Gonimbrasia tyrrhea
agri.pest_disease_diamond_back_moth_helicoverpa_armigera,Diamond back moth,Helicoverpa armigera
agri.pest_disease_diamond_back_moth_hellula_undalis,Diamond back moth,Hellula undalis
agri.pest_disease_diamond_back_moth_heteronychus_spp,Diamond back moth,Heteronychus spp.
agri.pest_disease_diamond_back_moth_imbrasia_cytherea,Diamond back moth,Imbrasia cytherea
agri.pest_disease_diamond_back_moth_liriomyza_huidobrensis,Diamond back moth,Liriomyza huidobrensis
agri.pest_disease_diamond_back_moth_phlyctinus_callosus,Diamond back moth,Phlyctinus callosus
agri.pest_disease_diamond_back_moth_phthorimaea_operculella,Diamond back moth,Phthorimaea operculella
agri.pest_disease_diamond_back_moth_pieris_brassicae,Diamond back moth,Pieris brassicae
agri.pest_disease_diamond_back_moth_scirtothrips_aurantii,Diamond back moth,Scirtothrips aurantii
agri.pest_disease_diamond_back_moth_spodoptera_frugiperda,Diamond back moth,Spodoptera frugiperda
agri.pest_disease_diamond_back_moth_spodoptera_sp,Diamond back moth,Spodoptera sp.
agri.pest_disease_disinsectation,Disinsectation,
agri.pest_disease_dollar_spot,Dollar spot,
agri.pest_disease_dollar_spot_cercospera_zeaemaydis,Dollar spot,Cercospera zeaemaydis
agri.pest_disease_dollar_spot_monilinia,Dollar spot,Monilinia
agri.pest_disease_downy_mildew,Downy mildew,
agri.pest_disease_downy_mildew_alternaria_solani,Downy mildew,Alternaria solani
agri.pest_disease_downy_mildew_botrytis_spp,Downy mildew,Botrytis spp.
agri.pest_disease_downy_mildew_peronospora_destructor,Downy mildew,Peronospora destructor
agri.pest_disease_downy_mildew_phytophthora_infestans,Downy mildew,Phytophthora infestans
agri.pest_disease_downy_mildew_phytophthora_spp,Downy mildew,Phytophthora spp.
agri.pest_disease_downy_mildew_plasmopara_halstedii,Downy mildew,Plasmopara halstedii
agri.pest_disease_downy_mildew_plasmopara_viticola,Downy mildew,Plasmopara viticola
agri.pest_disease_dry_bubble,Dry bubble,
agri.pest_disease_dry_rot,Dry rot,
agri.pest_disease_early_blight,Early blight,
agri.pest_disease_early_blight_albugo_candida,Early blight,Albugo candida
agri.pest_disease_early_blight_alternaria_porri,Early blight,Alternaria porri
agri.pest_disease_early_blight_alternaria_solani,Early blight,Alternaria solani
agri.pest_disease_early_blight_alternaria_spp,Early blight,Alternaria spp.
agri.pest_disease_early_blight_cercospora_spp,Early blight,Cercospora spp.
agri.pest_disease_early_blight_colletotrichum_lindemuthianum,Early blight,Colletotrichum lindemuthianum
agri.pest_disease_early_blight_dothiorella_aromatica,Early blight,Dothiorella aromatica
agri.pest_disease_early_blight_phytophthora_infestans,Early blight,Phytophthora infestans
agri.pest_disease_early_leaf_spot_alternaria_porri,Early leaf spot,Alternaria porri
agri.pest_disease_early_leaf_spot_botrytis_cinerea,Early leaf spot,Botrytis cinerea
agri.pest_disease_early_leaf_spot_cercospora_arachidicola,Early leaf spot,Cercospora arachidicola
agri.pest_disease_earth_flea,Earth flea,
agri.pest_disease_eye_spot_alternaria_solani,Eye spot,Alternaria solani
agri.pest_disease_eye_spot_cercospera_zeaemaydis,Eye spot,Cercospera zeaemaydis
agri.pest_disease_eye_spot_cercospora_arachidicola,Eye spot,Cercospora arachidicola
agri.pest_disease_eye_spot_cercospora_zeae-maydis,Eye spot,Cercospora zeae-maydis
agri.pest_disease_eye_spot_erysiphe_graminis,Eye spot,Erysiphe graminis
agri.pest_disease_fading_out_exserohilum_turcicum,Fading out,Exserohilum turcicum
agri.pest_disease_fading_out_monilinia_spp,Fading out,Monilinia spp.
agri.pest_disease_fairy_ring,Fairy ring,
agri.pest_disease_fairy_ring_pythium_spp,Fairy ring,Pythium spp.
agri.pest_disease_false_chinch_bug_schizaphis_graminum,False chinch bug,Schizaphis graminum
agri.pest_disease_false_codling_moth,False codling moth,
agri.pest_disease_false_codling_moth_imbrasia_cytherea,False codling moth,Imbrasia cytherea
agri.pest_disease_false_codling_moth_liriomyza_spp,False codling moth,Liriomyza spp.
agri.pest_disease_false_codling_moth_plutella_xylostella,False codling moth,Plutella xylostella
agri.pest_disease_false_codling_moth_tetranychus_urticae,False codling moth,Tetranychus urticae
agri.pest_disease_false_wireworm,False wireworm,
agri.pest_disease_false_wireworm_cicadulina_mbila,False wireworm,Cicadulina mbila
agri.pest_disease_false_wireworm_colomerus_vitis,False wireworm,Colomerus vitis
agri.pest_disease_false_wireworm_diuraphis_noxia,False wireworm,Diuraphis noxia
agri.pest_disease_false_wireworm_gonocephalum_spp,False wireworm,Gonocephalum spp.
agri.pest_disease_false_wireworm_heteronychus_arator,False wireworm,Heteronychus arator
agri.pest_disease_false_wireworm_plutella_xylostella,False wireworm,Plutella xylostella
agri.pest_disease_fire_breaks,Fire breaks,
agri.pest_disease_fish_moths,Fish moths,
agri.pest_disease_fleas,Fleas,
agri.pest_disease_flies,Flies,
agri.pest_disease_flies_musca_domestica,Flies,Musca domestica
agri.pest_disease_flower_induction,Flower induction,
agri.pest_disease_flower_inhibition,Flower inhibition,
agri.pest_disease_freckle,Freckle,
agri.pest_disease_fruit_fly,Fruit fly,
agri.pest_disease_fruit_fly_kotochalia_junodi,Fruit fly,Kotochalia junodi
agri.pest_disease_fruit_fly_mediterranean_fruit_fly_linepithema_humile,Fruit fly - Mediterranean fruit fly,Linepithema humile
agri.pest_disease_fruit_fly_mediterranean_fruit_fly_nezara_viridula,Fruit fly - Mediterranean fruit fly,Nezara viridula
agri.pest_disease_fruit_fly_natal_fruit_fly_nezara_viridula,Fruit fly - Natal fruit fly,Nezara viridula
agri.pest_disease_fruit_fly_natal_fruit_fly_pheidole_spp,Fruit fly - Natal fruit fly,Pheidole spp.
agri.pest_disease_fruit_mass_increase,Fruit mass increase,
agri.pest_disease_fruit_nibbler,Fruit nibbler,
agri.pest_disease_fruit_nibbler_phthorimaea_operculella,Fruit nibbler,Phthorimaea operculella
agri.pest_disease_fruit_nibbler_plutella_xylostella,Fruit nibbler,Plutella xylostella
agri.pest_disease_fruit_rot_dothiorella_dominicana,Fruit rot,Dothiorella dominicana
agri.pest_disease_fruit_shape_improvement,Fruit shape improvement,
agri.pest_disease_fruit_size_improvement,Fruit size improvement,
agri.pest_disease_fruit_spot,Fruit spot,
agri.pest_disease_fruit_thinning,Fruit thinning,
agri.pest_disease_fruitset_improvement,Fruitset improvement,
agri.pest_disease_fusarium,Fusarium,
agri.pest_disease_fusarium_corm_rot,Fusarium corm rot,
agri.pest_disease_fusarium_dry_rot,Fusarium dry rot,
agri.pest_disease_gangrene,Gangrene,
agri.pest_disease_gerbils,Gerbils,
agri.pest_disease_glume_blotch_cercosporidium_personatum,Glume blotch,Cercosporidium personatum
agri.pest_disease_glume_blotch_erysiphe_graminis,Glume blotch,Erysiphe graminis
agri.pest_disease_glume_blotch_pseudocercosporella_herpotrichoides,Glume blotch,Pseudocercosporella herpotrichoides
agri.pest_disease_grasshoppers_elegant_grasshopper,Grasshoppers - Elegant grasshopper,
agri.pest_disease_grasshoppers_short-horn_grasshopper,Grasshoppers - Short-horn grasshopper,
agri.pest_disease_greater_cabbage_moth,Greater cabbage moth,
agri.pest_disease_greater_cabbage_moth_helicoverpa_armigera,Greater cabbage moth,Helicoverpa armigera
agri.pest_disease_green_mould,Green mould,
agri.pest_disease_green_mould_monilinia_spp,Green mould,Monilinia spp.
agri.pest_disease_green_mould_penicillium_digitatum,Green mould,Penicillium digitatum
agri.pest_disease_green_mould_penicillium_italicum,Green mould,Penicillium italicum
agri.pest_disease_green_rot,Green rot,
agri.pest_disease_green_rot_stigmina_carpophila,Green rot,Stigmina carpophila
agri.pest_disease_grey_leaf_spot_albugo_candida,Grey leaf spot,Albugo candida
agri.pest_disease_grey_leaf_spot_cercospera_zeaemaydis,Grey leaf spot,Cercospera zeaemaydis
agri.pest_disease_grey_leaf_spot_cercospora_arachidicola,Grey leaf spot,Cercospora arachidicola
agri.pest_disease_grey_leaf_spot_cercospora_spp,Grey leaf spot,Cercospora spp.
agri.pest_disease_grey_leaf_spot_cercospora_zeae-maydis,Grey leaf spot,Cercospora zeae-maydis
agri.pest_disease_grey_leaf_spot_cercospora_zeina,Grey leaf spot,Cercospora zeina
agri.pest_disease_grey_leaf_spot_exserohilum_turcicum,Grey leaf spot,Exserohilum turcicum
agri.pest_disease_grey_leaf_spot_guignardia_citricarpa,Grey leaf spot,Guignardia citricarpa
agri.pest_disease_grey_leaf_spot_helminthosporium_spp,Grey leaf spot,Helminthosporium spp.
agri.pest_disease_grey_leaf_spot_helminthosporium_turcicum,Grey leaf spot,Helminthosporium turcicum
agri.pest_disease_grey_leaf_spot_neovossia_indica,Grey leaf spot,Neovossia indica
agri.pest_disease_grey_leaf_spot_pseudocercosporella_herpotrichoides,Grey leaf spot,Pseudocercosporella herpotrichoides
agri.pest_disease_grey_mould,Grey mould,
agri.pest_disease_grey_mould_cercospora_cichorii,Grey mould,Cercospora cichorii
agri.pest_disease_grey_mould_penicillium_digitatum,Grey mould,Penicillium digitatum
agri.pest_disease_growth_inhibition,Growth inhibition,
agri.pest_disease_growth_stimulation,Growth stimulation,
agri.pest_disease_gum_spot,Gum spot,
agri.pest_disease_gum_spot_taphrina_deformans,Gum spot,Taphrina deformans
agri.pest_disease_halo_spot_cercospora_arachidicola,Halo spot,Cercospora arachidicola
agri.pest_disease_harvest_delay,Harvest delay,
agri.pest_disease_haulm_destruction,Haulm destruction,
agri.pest_disease_hawk_moth_plutella_xylostella,Hawk moth,Plutella xylostella
agri.pest_disease_hawk_moth_spodoptera_exempta,Hawk moth,Spodoptera exempta
agri.pest_disease_hide_beetles,Hide beetles,
agri.pest_disease_jassids_ditylenchus_destructor,Jassids,Ditylenchus destructor
agri.pest_disease_karnal_bunt_pseudocercosporella_herpotrichoides,Karnal bunt,Pseudocercosporella herpotrichoides
agri.pest_disease_last_ratoon_eradication,Last ratoon eradication,
agri.pest_disease_late_blight,Late blight,
agri.pest_disease_late_blight_alternaria_dauci,Late blight,Alternaria dauci
agri.pest_disease_late_blight_alternaria_porri,Late blight,Alternaria porri
agri.pest_disease_late_blight_botrytis_cinerea,Late blight,Botrytis cinerea
agri.pest_disease_late_blight_cercospora_carotae,Late blight,Cercospora carotae
agri.pest_disease_late_blight_colletotrichum_spp,Late blight,Colletotrichum spp.
agri.pest_disease_late_blight_phytophthora_infestans,Late blight,Phytophthora infestans
agri.pest_disease_late_blight_phytophthora_spp,Late blight,Phytophthora spp.
agri.pest_disease_late_blight_plasmopara_viticola,Late blight,Plasmopara viticola
agri.pest_disease_late_leafspot_cercospora_zeae-maydis,Late leafspot,Cercospora zeae-maydis
agri.pest_disease_late_leafspot_cercosporidium_personatum,Late leafspot,Cercosporidium personatum
agri.pest_disease_lateral_branching_increase,Lateral branching increase,
agri.pest_disease_lawn_caterpillar,Lawn caterpillar,
agri.pest_disease_leaf_blight_alternaria_dauci,Leaf blight,Alternaria dauci
agri.pest_disease_leaf_blotch_cercospora_zeae-maydis,Leaf blotch,Cercospora zeae-maydis
agri.pest_disease_leaf_blotch_cercosporidium_personatum,Leaf blotch,Cercosporidium personatum
agri.pest_disease_leaf_blotch_erysiphe_graminis,Leaf blotch,Erysiphe graminis
agri.pest_disease_leaf_blotch_fusicladium_effusum,Leaf blotch,Fusicladium effusum
agri.pest_disease_leaf_blotch_oidium_mangiferae,Leaf blotch,Oidium mangiferae
agri.pest_disease_leaf_curl,Leaf curl,
agri.pest_disease_leaf_curl_taphrina_deformans,Leaf curl,Taphrina deformans
agri.pest_disease_leaf_curl_venturia_inaequalis,Leaf curl,Venturia inaequalis
agri.pest_disease_leaf_eaters,Leaf eaters,
agri.pest_disease_leaf_eaters_pheidole_spp,Leaf eaters,Pheidole spp.
agri.pest_disease_leaf_eaters_phlyctinus_callosus,Leaf eaters,Phlyctinus callosus
agri.pest_disease_leaf_eating_insects,Leaf eating insects,
agri.pest_disease_leaf_hopper,Leaf hopper,
agri.pest_disease_leaf_hopper_heteronychus_arator,Leaf hopper,Heteronychus arator
agri.pest_disease_leaf_hopper_jacobiella_facialis,Leaf hopper,Jacobiella facialis
agri.pest_disease_leaf_hopper_phlyctinus_callosus,Leaf hopper,Phlyctinus callosus
agri.pest_disease_leaf_hopper_protostrophus_spp,Leaf hopper,Protostrophus spp.
agri.pest_disease_leaf_hopper_tetranychus_urticae,Leaf hopper,Tetranychus urticae
agri.pest_disease_leaf_miner,Leaf miner,
agri.pest_disease_leaf_miner_agromyza_ocularis,Leaf miner,Agromyza ocularis
agri.pest_disease_leaf_miner_american_leaf_miner,Leaf miner - American leaf miner,
agri.pest_disease_leaf_miner_american_leaf_miner_liriomyza_trifolii,Leaf miner - American leaf miner,Liriomyza trifolii
agri.pest_disease_leaf_miner_blotch_leaf_miner,Leaf miner - Blotch leaf miner,
agri.pest_disease_leaf_miner_canal_leaf_miner,Leaf miner - Canal leaf miner,
agri.pest_disease_leaf_miner_macrosiphum_rosae,Leaf miner,Macrosiphum rosae
agri.pest_disease_leaf_miner_phyllocnistis_citrella,Leaf miner,Phyllocnistis citrella
agri.pest_disease_leaf_miner_potato_leafminer_liriomyza_huidobrensis,Leaf miner - Potato leafminer,Liriomyza huidobrensis
agri.pest_disease_leaf_miner_potato_leafminer_phthorimaea_operculella,Leaf miner - Potato leafminer,Phthorimaea operculella
agri.pest_disease_leaf_miner_potato_leafminer_thaumatotibia_leucotreta,Leaf miner - Potato leafminer,Thaumatotibia leucotreta
agri.pest_disease_leaf_miner_spodoptera_exempta,Leaf miner,Spodoptera exempta
agri.pest_disease_leaf_miner_tomato_leaf_miner_moth_jacobiella_libyca,Leaf miner - Tomato leaf miner moth,Jacobiella libyca
agri.pest_disease_leaf_miner_tomato_leaf_miner_moth_plutella_xylostella,Leaf miner - Tomato leaf miner moth,Plutella xylostella
agri.pest_disease_leaf_miner_tomato_leaf_miner_moth_spodoptera_spp,Leaf miner - Tomato leaf miner moth,Spodoptera spp.
agri.pest_disease_leaf_roller,Leaf roller,
agri.pest_disease_leaf_roller_papilio_demodocus,Leaf roller,Papilio demodocus
agri.pest_disease_leaf_roller_phthorimaea_operculella,Leaf roller,Phthorimaea operculella
agri.pest_disease_leaf_spot,Leaf spot,
agri.pest_disease_leaf_spot_alternaria_porri,Leaf spot,Alternaria porri
agri.pest_disease_leaf_spot_blumeria_graminis,Leaf spot,Blumeria graminis
agri.pest_disease_leaf_spot_cercospora_spp,Leaf spot,Cercospora spp.
agri.pest_disease_leaf_spot_cercosporidium_personatum,Leaf spot,Cercosporidium personatum
agri.pest_disease_leaf_spot_diseases,Leaf spot diseases,
agri.pest_disease_leaf_spot_erysiphe_graminis,Leaf spot,Erysiphe graminis
agri.pest_disease_leaf_spot_erysiphe_pisi,Leaf spot,Erysiphe pisi
agri.pest_disease_leaf_spot_exserohilum_turcicum,Leaf spot,Exserohilum turcicum
agri.pest_disease_leaf_spot_leptodhaeria_maculans,Leaf spot,Leptodhaeria maculans
agri.pest_disease_leaf_spot_monilinia_laxa,Leaf spot,Monilinia laxa
agri.pest_disease_leaf_spot_phoma_arachidicola,Leaf spot,Phoma arachidicola
agri.pest_disease_leaf_spot_phoma_spp,Leaf spot,Phoma spp.
agri.pest_disease_leaf_spot_puccinia_arachidis,Leaf spot,Puccinia arachidis
agri.pest_disease_leaf_spot_puccinia_coronata,Leaf spot,Puccinia coronata
agri.pest_disease_leaf_spot_puccinia_hordei,Leaf spot,Puccinia hordei
agri.pest_disease_leaf_spot_thielaviopsis_basicola,Leaf spot,Thielaviopsis basicola
agri.pest_disease_lesser_mealworm,Lesser mealworm,
agri.pest_disease_lily_borer,Lily borer,
agri.pest_disease_looper_castor_oil_looper,Looper - Castor oil looper,
agri.pest_disease_looper_citrus_looper_helicoverpa_armigera,Looper - Citrus looper,Helicoverpa armigera
agri.pest_disease_looper_helicoverpa_armigera,Looper,Helicoverpa armigera
agri.pest_disease_loose_smut,Loose smut,
agri.pest_disease_loose_smut_ustilago_nuda,Loose smut,Ustilago nuda
agri.pest_disease_lucerne_caterpillar,Lucerne caterpillar,
agri.pest_disease_lucerne_caterpillar_nezara_viridula,Lucerne caterpillar,Nezara viridula
agri.pest_disease_lucerne_caterpillar_plusia,Lucerne caterpillar,Plusia
agri.pest_disease_lucerne_caterpillar_plutella_xylostella,Lucerne caterpillar,Plutella xylostella
agri.pest_disease_lumpy_disease,Lumpy disease,
agri.pest_disease_macadamia_nut_borer,Macadamia nut borer,
agri.pest_disease_macadamia_nut_borer_spodoptera_frugiperda,Macadamia nut borer,Spodoptera frugiperda
agri.pest_disease_mango_blossom_malformation_fusarium_spp,Mango blossom malformation,Fusarium spp.
agri.pest_disease_mealybug,Mealybug,
agri.pest_disease_mealybug_aceria_sheldoni,Mealybug,Aceria sheldoni
agri.pest_disease_mealybug_aleurothrixus_floccosus,Mealybug,Aleurothrixus floccosus
agri.pest_disease_mealybug_cactoblastis_cactorum,Mealybug,Cactoblastis cactorum
agri.pest_disease_mealybug_citrus_mealybug_frankliniella_occidentalis,Mealybug - Citrus mealybug,Frankliniella occidentalis
agri.pest_disease_mealybug_long-tailed_mealybug_macrosiphum_euphorbiae,Mealybug - Long-tailed mealybug,Macrosiphum euphorbiae
agri.pest_disease_mealybug_myzus_persicae,Mealybug,Myzus persicae
agri.pest_disease_mealybug_oleander_mealybug_myzus_persicae,Mealybug - Oleander mealybug,Myzus persicae
agri.pest_disease_mealybug_planococcus_ficus,Mealybug,Planococcus ficus
agri.pest_disease_mealybug_pseudococcus_obscurus,Mealybug,Pseudococcus obscurus
agri.pest_disease_mealybug_rhopalosiphum_padi,Mealybug,Rhopalosiphum padi
agri.pest_disease_melanose,Melanose,
agri.pest_disease_melanose_rhizoctonia_solani,Melanose,Rhizoctonia solani
agri.pest_disease_mice,Mice,
agri.pest_disease_millipedes,Millipedes,
agri.pest_disease_millipedes_diplopoda,Millipedes,Diplopoda
agri.pest_disease_mites_black_sand_mite,Mites - Black sand mite,
agri.pest_disease_mites_bryobia_mite,Mites - Bryobia mite,
agri.pest_disease_mites_bryobia_mite_brevipalpus_californicus,Mites - Bryobia mite,Brevipalpus californicus
agri.pest_disease_mites_bud_mite,Mites - Bud mite,
agri.pest_disease_mites_bud_mite_aceria_sheldoni,Mites - Bud mite,Aceria sheldoni
agri.pest_disease_mites_bud_mite_brevipalpus_californicus,Mites - Bud mite,Brevipalpus californicus
agri.pest_disease_mites_citrus_flat_mite_brevipalpus_californicus,Mites - Citrus flat mite,Brevipalpus californicus
agri.pest_disease_mites_citrus_flat_mite_bryobia_rubrioculus,Mites - Citrus flat mite,Bryobia rubrioculus
agri.pest_disease_mites_citrus_flat_mite_calacarus_citrifolii,Mites - Citrus flat mite,Calacarus citrifolii
agri.pest_disease_mites_citrus_flat_mite_coccus_hesperidum,Mites - Citrus flat mite,Coccus hesperidum
agri.pest_disease_mites_citrus_red_mite,Mites - Citrus red mite,
agri.pest_disease_mites_citrus_red_mite_brevipalpus_californicus,Mites - Citrus red mite,Brevipalpus californicus
agri.pest_disease_mites_citrus_red_mite_eutetranychus_orientalis,Mites - Citrus red mite,Eutetranychus orientalis
agri.pest_disease_mites_citrus_red_mite_panonychus_citri,Mites - Citrus red mite,Panonychus citri
agri.pest_disease_mites_citrus_red_mite_scirtothrips_aurantii,Mites - Citrus red mite,Scirtothrips aurantii
agri.pest_disease_mites_citrus_rust_mite,Mites - Citrus rust mite,
agri.pest_disease_mites_citrus_rust_mite_eutetranychus_orientalis,Mites - Citrus rust mite,Eutetranychus orientalis
agri.pest_disease_mites_citrus_rust_mite_panonychus_citri,Mites - Citrus rust mite,Panonychus citri
agri.pest_disease_mites_citrus_rust_mite_paracoccus_burnerae,Mites - Citrus rust mite,Paracoccus burnerae
agri.pest_disease_mites_erinose_mite,Mites - Erinose mite,
agri.pest_disease_mites_european_red_mite_panonychus_ulmi,Mites - European red mite,Panonychus ulmi
agri.pest_disease_mites_european_red_mite_tetranychus_urticae_cinnabarinus,Mites - European red mite,Tetranychus urticae (cinnabarinus)
agri.pest_disease_mites_flat_mite,Mites - Flat mite,
agri.pest_disease_mites_flat_mite_eutetranychus_orientalis,Mites - Flat mite,Eutetranychus orientalis
agri.pest_disease_mites_grey_mite,Mites - Grey mite,
agri.pest_disease_mites_grey_mite_phyllocoptruta_oleivora,Mites - Grey mite,Phyllocoptruta oleivora
agri.pest_disease_mites_lowveld_mite,Mites - Lowveld mite,
agri.pest_disease_mites_lowveld_mite_panonychus_citri,Mites - Lowveld mite,Panonychus citri
agri.pest_disease_mites_lowveld_mite_phyllocoptruta_oleivora,Mites - Lowveld mite,Phyllocoptruta oleivora
agri.pest_disease_mites_lowveld_mite_planococcus_citri,Mites - Lowveld mite,Planococcus citri
agri.pest_disease_mites_lowveld_mite_scirtothrips_aurantii,Mites - Lowveld mite,Scirtothrips aurantii
agri.pest_disease_mites_lowveld_mite_tetranychus_urticae,Mites - Lowveld mite,Tetranychus urticae
agri.pest_disease_mites_panonychus_ulmi,Mites,Panonychus ulmi
agri.pest_disease_mites_pear_bud_mite,Mites - Pear bud mite,
agri.pest_disease_mites_red_mite,Mites - Red mite,
agri.pest_disease_mites_red_spider_mite,Mites - Red spider mite,
agri.pest_disease_mites_red_spider_mite_bemisia_tabaci,Mites - Red spider mite,Bemisia tabaci
agri.pest_disease_mites_red_spider_mite_phlyctinus_callosus,Mites - Red spider mite,Phlyctinus callosus
agri.pest_disease_mites_red_spider_mite_phthorimaea_operculella,Mites - Red spider mite,Phthorimaea operculella
agri.pest_disease_mites_red_spider_mite_phyllocoptruta_oleivora,Mites - Red spider mite,Phyllocoptruta oleivora
agri.pest_disease_mites_red_spider_mite_polyphagotarsonemus_latus,Mites - Red spider mite,Polyphagotarsonemus latus
agri.pest_disease_mites_red_spider_mite_scirtothrips_aurantii,Mites - Red spider mite,Scirtothrips aurantii
agri.pest_disease_mites_red_spider_mite_tetranychus_urticae,Mites - Red spider mite,Tetranychus urticae
agri.pest_disease_mites_red-legged_earth_mite,Mites - Red-legged earth mite,
agri.pest_disease_mites_rust_mite,Mites - Rust mite,
agri.pest_disease_mites_rust_mite_tetranychus_urticae_cinnabarinus,Mites - Rust mite,Tetranychus urticae (cinnabarinus)
agri.pest_disease_mites_silver_mite,Mites - Silver mite,
agri.pest_disease_mites_silver_mite_tetranychus_urticae,Mites - Silver mite,Tetranychus urticae
agri.pest_disease_mites_spider_mite_tetranychus_spp,Mites - Spider mite,Tetranychus spp.
agri.pest_disease_mites_tobacco_spider_mites,Mites - Tobacco spider mites,
agri.pest_disease_mites_two-spotted_spider_mite,Mites - Two-spotted spider mite,
agri.pest_disease_mites_two-spotted_spider_mite_plutella_spp,Mites - Two-spotted spider mite,Plutella spp.
agri.pest_disease_mites_two-spotted_spider_mite_sesamia_calamistis,Mites - Two-spotted spider mite,Sesamia calamistis
agri.pest_disease_modification_of_growth,Modification of growth,
agri.pest_disease_monilinia_penicillium,Monilinia,Penicillium
agri.pest_disease_monilinia_penicillium_expansum,Monilinia,Penicillium expansum
agri.pest_disease_mosquitos,Mosquitos,
agri.pest_disease_navel-end_rot_helminthosporium_spp,Navel-end rot,Helminthosporium spp.
agri.pest_disease_navel-end_rot_helminthosporium_turcicum,Navel-end rot,Helminthosporium turcicum
agri.pest_disease_necrostoma,Necrostoma,
agri.pest_disease_nematodes,Nematodes,
agri.pest_disease_nematodes_citrus_nematode_tylenchulus_semipenetrans,Nematodes - Citrus nematode,Tylenchulus semipenetrans
agri.pest_disease_nematodes_criconemella_xenoplax,Nematodes,Criconemella xenoplax
agri.pest_disease_nematodes_cyst_nematode_heterodera_spp,Nematodes - Cyst nematode,Heterodera spp.
agri.pest_disease_nematodes_cyst_nematode_pratylenchus_spp,Nematodes - Cyst nematode,Pratylenchus spp.
agri.pest_disease_nematodes_dagger_nematode_helicotylenchus_dihystera,Nematodes - Dagger nematode,Helicotylenchus dihystera
agri.pest_disease_nematodes_lesion_nematode_helicotylenchus_multicinctus,Nematodes - Lesion nematode,Helicotylenchus multicinctus
agri.pest_disease_nematodes_lesion_nematode_meloidogyne_spp,Nematodes - Lesion nematode,Meloidogyne spp.
agri.pest_disease_nematodes_lesion_nematode_pyrenochaeta_terrestris,Nematodes - Lesion nematode,Pyrenochaeta terrestris
agri.pest_disease_nematodes_meloidogyne_spp,Nematodes,Meloidogyne spp.
agri.pest_disease_nematodes_meloidogyne_spp_excluding_m_chitwoodi_and_m_fallax,Nematodes,Meloidogyne spp. (excluding M. chitwoodi and M. fallax)
agri.pest_disease_nematodes_parasitic_nematode,Nematodes - Parasitic nematode,
agri.pest_disease_nematodes_peanut_pod_nematode,Nematodes - Peanut pod nematode,
agri.pest_disease_nematodes_pod_nematode,Nematodes - Pod nematode,
agri.pest_disease_nematodes_ring_nematode_meloidogyne_javanica,Nematodes - Ring nematode,Meloidogyne javanica
agri.pest_disease_nematodes_root-knot_nematode,Nematodes - Root-knot nematode,
agri.pest_disease_nematodes_root-knot_nematode_meloidogyne_spp,Nematodes - Root-knot nematode,Meloidogyne spp.
agri.pest_disease_nematodes_root-knot_nematode_pratylenchus_spp,Nematodes - Root-knot nematode,Pratylenchus spp.
agri.pest_disease_nematodes_root-knot_nematode_pythium_spp,Nematodes - Root-knot nematode,Pythium spp.
agri.pest_disease_nematodes_spiral_nematode_meloidogyne_spp_excluding_m_chitwoodi,Nematodes - Spiral nematode,Meloidogyne spp. (excluding M. chitwoodi)
agri.pest_disease_nematodes_stubby_root_nematode_pyrenochaeta_terrestris,Nematodes - Stubby root nematode,Pyrenochaeta terrestris
agri.pest_disease_nematodes_stubby_root_nematode_rhizoctonia_spp,Nematodes - Stubby root nematode,Rhizoctonia spp.
agri.pest_disease_net_blotch_drechslera_teres,Net blotch,Drechslera teres
agri.pest_disease_net_blotch_erysiphe_graminis,Net blotch,Erysiphe graminis
agri.pest_disease_net_blotch_exserohilum_turcicum,Net blotch,Exserohilum turcicum
agri.pest_disease_net_blotch_helminthosporium_spp,Net blotch,Helminthosporium spp.
agri.pest_disease_net_blotch_oidium_mangiferae,Net blotch,Oidium mangiferae
agri.pest_disease_net_blotch_phoma_arachidicola,Net blotch,Phoma arachidicola
agri.pest_disease_net_blotch_puccinia_hordei,Net blotch,Puccinia hordei
agri.pest_disease_net_blotch_puccinia_recondita,Net blotch,Puccinia recondita
agri.pest_disease_net_blotch_puccinia_sorghi,Net blotch,Puccinia sorghi
agri.pest_disease_net_leaf_blotch_puccinia_coronata,Net (Leaf) blotch,Puccinia coronata
agri.pest_disease_net_leaf_blotch_puccinia_hordei,Net (Leaf) blotch,Puccinia hordei
agri.pest_disease_northern_leaf_blight_cercospora_arachidicola,Northern leaf blight,Cercospora arachidicola
agri.pest_disease_northern_leaf_blight_erysiphe_graminis,Northern leaf blight,Erysiphe graminis
agri.pest_disease_northern_leaf_blight_exserohilum_turcicum,Northern leaf blight,Exserohilum turcicum
agri.pest_disease_northern_leaf_blight_guignardia_citricarpa,Northern leaf blight,Guignardia citricarpa
agri.pest_disease_northern_leaf_blight_helminthosporium_teres,Northern leaf blight,Helminthosporium teres
agri.pest_disease_northern_leaf_blight_helminthosporium_turcicum,Northern leaf blight,Helminthosporium turcicum
agri.pest_disease_northern_leaf_blight_phoma_arachidicola,Northern leaf blight,Phoma arachidicola
agri.pest_disease_northern_leaf_blight_pseudocercosporella_herpotrichoides,Northern leaf blight,Pseudocercosporella herpotrichoides
agri.pest_disease_northern_leaf_blight_puccinia_hordei,Northern leaf blight,Puccinia hordei
agri.pest_disease_northern_leaf_blight_puccinia_sorghi,Northern leaf blight,Puccinia sorghi
agri.pest_disease_northern_leaf_blight_pyrenophora_teres,Northern leaf blight,Pyrenophora teres
agri.pest_disease_nut_abscission,Nut abscission,
agri.pest_disease_oidium_leucoconium_oidium_leucoconium,Oidium leucoconium,Oidium leucoconium
agri.pest_disease_oidium_mangiferae_oidium_mangiferae,Oidium mangiferae,Oidium mangiferae
agri.pest_disease_oidium_tuckeri_oidium_tuckeri,Oidium tuckeri,Oidium tuckeri
agri.pest_disease_orange_dog_caterpillar,Orange dog caterpillar,
agri.pest_disease_orange_dog_caterpillar_papilio_spp,Orange dog caterpillar,Papilio spp.
agri.pest_disease_orange_dog_caterpillar_plusia,Orange dog caterpillar,Plusia
agri.pest_disease_oriental_fruit_moth,Oriental fruit moth,
agri.pest_disease_oriental_fruit_moth_grapholita_molesta,Oriental fruit moth,Grapholita molesta
agri.pest_disease_oriental_fruit_moth_helicoverpa_armigera,Oriental fruit moth,Helicoverpa armigera
agri.pest_disease_oriental_fruit_moth_myzus_persicae,Oriental fruit moth,Myzus persicae
agri.pest_disease_oriental_fruit_moth_toxoptera_citricidus,Oriental fruit moth,Toxoptera citricidus
agri.pest_disease_penicillium,Penicillium,
agri.pest_disease_penicillium_penicillium_italicum,Penicillium,Penicillium italicum
agri.pest_disease_penicillium_rhizoctonia_spp,Penicillium,Rhizoctonia spp.
agri.pest_disease_phoma_leaf_blotch,Phoma leaf blotch,
agri.pest_disease_phyllosticta_leaf_spot,Phyllosticta leaf spot,
agri.pest_disease_phytophthora_infestans_phytophthora_infestans,Phytophthora infestans,Phytophthora infestans
agri.pest_disease_phytophthora_spp_phytophthora_spp,Phytophthora spp.,Phytophthora spp.
agri.pest_disease_pine_emperor_moth,Pine emperor moth,
agri.pest_disease_pine_emperor_moth_plutella_xylostella,Pine emperor moth,Plutella xylostella
agri.pest_disease_pineapple_disease,Pineapple disease,
agri.pest_disease_pink_bud_moth_spodoptera_exempta,Pink bud moth,Spodoptera exempta
agri.pest_disease_pink_root_pythium,Pink root,Pythium
agri.pest_disease_pink_root_sclerotium_cepivorum,Pink root,Sclerotium cepivorum
agri.pest_disease_plaster_mould,Plaster mould,
agri.pest_disease_podosphaera_leucotricha_podosphaera_leucotricha,Podosphaera leucotricha,Podosphaera leucotricha
agri.pest_disease_postharvest_decay,Postharvest decay,
agri.pest_disease_postharvest_decay_podosphaera_leucotricha,Postharvest decay,Podosphaera leucotricha
agri.pest_disease_postharvest_decay_rhizopus_spp,Postharvest decay,Rhizopus spp.
agri.pest_disease_potato_tuber_moth,Potato tuber moth,
agri.pest_disease_potato_tuber_moth_busseola_fusca,Potato tuber moth,Busseola fusca
agri.pest_disease_potato_tuber_moth_dactylopius_opuntiae,Potato tuber moth,Dactylopius opuntiae
agri.pest_disease_potato_tuber_moth_phlyctinus_callosus,Potato tuber moth,Phlyctinus callosus
agri.pest_disease_potato_tuber_moth_phthorimaea_operculella,Potato tuber moth,Phthorimaea operculella
agri.pest_disease_potato_tuber_moth_pieris_brassicae,Potato tuber moth,Pieris brassicae
agri.pest_disease_potato_tuber_moth_plutella_xylostella,Potato tuber moth,Plutella xylostella
agri.pest_disease_potato_tuber_moth_pterandrus_rosa,Potato tuber moth,Pterandrus rosa
agri.pest_disease_potato_tuber_moth_sesamia_calamistis,Potato tuber moth,Sesamia calamistis
agri.pest_disease_potato_tuber_moth_spodoptera_spp,Potato tuber moth,Spodoptera spp.
agri.pest_disease_potato_tuber_moth_tetranychus_lombardinii,Potato tuber moth,Tetranychus lombardinii
agri.pest_disease_powdery_mildew,Powdery mildew,
agri.pest_disease_powdery_mildew_erysiphe_cichoracearum,Powdery mildew,Erysiphe cichoracearum
agri.pest_disease_powdery_mildew_helminthosporium_turcicum,Powdery mildew,Helminthosporium turcicum
agri.pest_disease_powdery_mildew_lasiodiplodia_theobromae,Powdery mildew,Lasiodiplodia theobromae
agri.pest_disease_powdery_mildew_oidium_mangiferae,Powdery mildew,Oidium mangiferae
agri.pest_disease_powdery_mildew_oidium_quercinum,Powdery mildew,Oidium quercinum
agri.pest_disease_powdery_mildew_oidium_tuckeri,Powdery mildew,Oidium tuckeri
agri.pest_disease_powdery_mildew_podosphaera_leucotricha,Powdery mildew,Podosphaera leucotricha
agri.pest_disease_powdery_mildew_pseudocercosporella_herpotrichoides,Powdery mildew,Pseudocercosporella herpotrichoides
agri.pest_disease_powdery_mildew_puccinia_arachidis,Powdery mildew,Puccinia arachidis
agri.pest_disease_powdery_mildew_puccinia_hordei,Powdery mildew,Puccinia hordei
agri.pest_disease_powdery_mildew_puccinia_recondita,Powdery mildew,Puccinia recondita
agri.pest_disease_powdery_mildew_pyrenophora_teres,Powdery mildew,Pyrenophora teres
agri.pest_disease_powdery_mildew_rhizoctonia_spp,Powdery mildew,Rhizoctonia spp.
agri.pest_disease_powdery_mildew_rhizopus_stolonifer,Powdery mildew,Rhizopus stolonifer
agri.pest_disease_powdery_mildew_uncinula_necator,Powdery mildew,Uncinula necator
agri.pest_disease_pratylenchus_brachyurus_pratylenchus_brachyurus,Pratylenchus brachyurus,Pratylenchus brachyurus
agri.pest_disease_prickly_pear_moth_gascardia_spp,Prickly pear moth,Gascardia spp.
agri.pest_disease_pseudoperonospora_spp_pseudoperonospora_spp,Pseudoperonospora spp.,Pseudoperonospora spp.
agri.pest_disease_psylla,Psylla,
agri.pest_disease_psylla_metopolophium_porosum,Psylla,Metopolophium porosum
agri.pest_disease_psylla_pentatomidae_spp,Psylla,Pentatomidae spp.
agri.pest_disease_psylla_scirtothrips_aurantii,Psylla,Scirtothrips aurantii
agri.pest_disease_puccinia_arachidis_puccinia_arachidis,Puccinia arachidis,Puccinia arachidis
agri.pest_disease_puccinia_hordei_puccinia_hordei,Puccinia hordei,Puccinia hordei
agri.pest_disease_puccinia_recondita_puccinia_recondita,Puccinia recondita,Puccinia recondita
agri.pest_disease_puccinia_sorghi_puccinia_sorghi,Puccinia sorghi,Puccinia sorghi
agri.pest_disease_puccinia_striiformis_puccinia_striiformis,Puccinia striiformis,Puccinia striiformis
agri.pest_disease_pucciniastrum_vaccinia_pucciniastrum_vaccinia,Pucciniastrum vaccinia,Pucciniastrum vaccinia
agri.pest_disease_pulvinaria_aethiopica_pulvinaria_aethiopica,Pulvinaria aethiopica,Pulvinaria aethiopica
agri.pest_disease_pumpkin_fly,Pumpkin fly,
agri.pest_disease_purple_blotch,Purple blotch,
agri.pest_disease_purple_blotch_alternaria_solani,Purple blotch,Alternaria solani
agri.pest_disease_purple_blotch_exserohilum_turcicum,Purple blotch,Exserohilum turcicum
agri.pest_disease_purple_blotch_setosphaeria_turcica,Purple blotch,Setosphaeria turcica
agri.pest_disease_pyrenophora_teres_pyrenophora_teres,Pyrenophora teres,Pyrenophora teres
agri.pest_disease_pythium,Pythium,
agri.pest_disease_pythium_rhizoctonia,Pythium,Rhizoctonia
agri.pest_disease_pythium_spp_pythium_spp,Pythium spp.,Pythium spp.
agri.pest_disease_quadraspidiotus_perniciosus_quadraspidiotus_perniciosus,Quadraspidiotus perniciosus,Quadraspidiotus perniciosus
agri.pest_disease_rats,Rats,
agri.pest_disease_reduction_in_lodging,Reduction in lodging,
agri.pest_disease_retiform_russeting,Retiform russeting,
agri.pest_disease_rhizoctonia_sclerotium_cepivorum,Rhizoctonia,Sclerotium cepivorum
agri.pest_disease_rhizopus_rot_sclerotinia_spp,Rhizopus rot,Sclerotinia spp.
agri.pest_disease_rhizopus_rot_venturia_spp,Rhizopus rot,Venturia spp.
agri.pest_disease_rhynchosporium_secalis_rhynchosporium_secalis,Rhynchosporium secalis,Rhynchosporium secalis
agri.pest_disease_rind_creasing,Rind creasing,
agri.pest_disease_ripening,Ripening,
agri.pest_disease_ripening_promotion,Ripening promotion,
agri.pest_disease_root_diseases,Root diseases,
agri.pest_disease_root_rot,Root rot,
agri.pest_disease_root_rot_black_root_rot,Root rot - Black root rot,
agri.pest_disease_root_rot_black_root_rot_venturia_inaequalis,Root rot - Black root rot,Venturia inaequalis
agri.pest_disease_root_rot_phytophthora_root_rot,Root rot - Phytophthora root rot,
agri.pest_disease_root_rot_pythium_root_rot,Root rot - Pythium root rot,
agri.pest_disease_rootworm,Rootworm,
agri.pest_disease_rootworm_maize_rootworm,Rootworm - Maize rootworm,
agri.pest_disease_rootworm_protostrophus_spp,Rootworm,Protostrophus spp.
agri.pest_disease_rootworm_tenebrionidae_spp,Rootworm,Tenebrionidae spp.
agri.pest_disease_rust,Rust,
agri.pest_disease_rust_brown_rust,Rust - Brown rust,
agri.pest_disease_rust_brown_rust_puccinia_recondita,Rust - Brown rust,Puccinia recondita
agri.pest_disease_rust_brown_rust_puccinia_striiformis,Rust - Brown rust,Puccinia striiformis
agri.pest_disease_rust_brown_rust_uromyces_appendiculatus,Rust - Brown rust,Uromyces appendiculatus
agri.pest_disease_rust_crown_rust_puccinia_coronata,Rust - Crown rust,Puccinia coronata
agri.pest_disease_rust_crown_rust_puccinia_striiformis,Rust - Crown rust,Puccinia striiformis
agri.pest_disease_rust_crown_rust_pyrenophora_teres,Rust - Crown rust,Pyrenophora teres
agri.pest_disease_rust_isariopsis_griseola,Rust,Isariopsis griseola
agri.pest_disease_rust_leaf_rust_phoma_arachidicola,Rust - Leaf rust,Phoma arachidicola
agri.pest_disease_rust_leaf_rust_pseudocercosporella_herpotrichoides,Rust - Leaf rust,Pseudocercosporella herpotrichoides
agri.pest_disease_rust_leaf_rust_puccinia_hordei,Rust - Leaf rust,Puccinia hordei
agri.pest_disease_rust_leaf_rust_puccinia_recondita,Rust - Leaf rust,Puccinia recondita
agri.pest_disease_rust_leaf_rust_puccinia_sorghi,Rust - Leaf rust,Puccinia sorghi
agri.pest_disease_rust_leaf_rust_puccinia_triticina,Rust - Leaf rust,Puccinia triticina
agri.pest_disease_rust_leaf_rust_pyrenophora_teres,Rust - Leaf rust,Pyrenophora teres
agri.pest_disease_rust_leaf_rust_rhynchosporium_secalis,Rust - Leaf rust,Rhynchosporium secalis
agri.pest_disease_rust_leaf_rust_sclerotinia_spp,Rust - Leaf rust,Sclerotinia spp.
agri.pest_disease_rust_oidium_mangiferae,Rust,Oidium mangiferae
agri.pest_disease_rust_phakopsora_pachyrhizi,Rust,Phakopsora pachyrhizi
agri.pest_disease_rust_phoma_arachidicola,Rust,Phoma arachidicola
agri.pest_disease_rust_phoma_spp,Rust,Phoma spp.
agri.pest_disease_rust_phytophthora_infestans,Rust,Phytophthora infestans
agri.pest_disease_rust_pseudocercosporella_herpotrichoides,Rust,Pseudocercosporella herpotrichoides
agri.pest_disease_rust_puccinia_arachidis,Rust,Puccinia arachidis
agri.pest_disease_rust_puccinia_hordei,Rust,Puccinia hordei
agri.pest_disease_rust_puccinia_sorghi,Rust,Puccinia sorghi
agri.pest_disease_rust_rhynchosporium_secalis,Rust,Rhynchosporium secalis
agri.pest_disease_rust_soyabean_rust_phakopsora_pachyrhizi,Rust - Soyabean rust,Phakopsora pachyrhizi
agri.pest_disease_rust_soyabean_rust_puccinia_sorghi,Rust - Soyabean rust,Puccinia sorghi
agri.pest_disease_rust_stripe_rust_septoria_spp,Rust - Stripe rust,Septoria spp.
agri.pest_disease_rust_yellow_rust_puccinia_arachidis,Rust - Yellow rust,Puccinia arachidis
agri.pest_disease_rust_yellow_rust_setosphaeria_turcica,Rust - Yellow rust,Setosphaeria turcica
agri.pest_disease_rust_yellow_rust_stripe_rust,Rust - Yellow rust (Stripe rust),
agri.pest_disease_rust_yellow_rust_stripe_rust_rhynchosporium_secalis,Rust - Yellow rust (Stripe rust),Rhynchosporium secalis
agri.pest_disease_scab,Scab,
agri.pest_disease_scab_common_scab,Scab - Common scab,
agri.pest_disease_scab_erysiphe_pisi,Scab,Erysiphe pisi
agri.pest_disease_scab_oidium_tuckeri,Scab,Oidium tuckeri
agri.pest_disease_scab_podosphaera_leucotricha,Scab,Podosphaera leucotricha
agri.pest_disease_scab_rhynchosporium_secalis,Scab,Rhynchosporium secalis
agri.pest_disease_scab_venturia_inaequalis,Scab,Venturia inaequalis
agri.pest_disease_scab_venturia_pirina,Scab,Venturia pirina
agri.pest_disease_scab_venturia_spp,Scab,Venturia spp.
agri.pest_disease_scale,Scale,
agri.pest_disease_scale_circular_purple_scale,Scale - Circular purple scale,
agri.pest_disease_scale_grey_scale_nipaecoccus_vastator,Scale - Grey scale,Nipaecoccus vastator
agri.pest_disease_scale_heart-shaped_scale,Scale - Heart-shaped scale,
agri.pest_disease_scale_mango_scale,Scale - Mango scale,
agri.pest_disease_scale_mango_scale_aleurothrixus_floccosus,Scale - Mango scale,Aleurothrixus floccosus
agri.pest_disease_scale_mango_scale_scarabaeidae_spp,Scale - Mango scale,Scarabaeidae spp.
agri.pest_disease_scale_mussel_scale,Scale - Mussel scale,
agri.pest_disease_scale_pernicious_scale,Scale - Pernicious scale,
agri.pest_disease_scale_pernicious_scale_paracoccus_burnerae,Scale - Pernicious scale,Paracoccus burnerae
agri.pest_disease_scale_red_scale,Scale - Red scale,
agri.pest_disease_scale_red_scale_aulacaspis_tubercularis,Scale - Red scale,Aulacaspis tubercularis
agri.pest_disease_scale_red_scale_eriosoma_lanigerum,Scale - Red scale,Eriosoma lanigerum
agri.pest_disease_scale_red_scale_myzus_persicae,Scale - Red scale,Myzus persicae
agri.pest_disease_scale_red_scale_phthorimaea_operculella,Scale - Red scale,Phthorimaea operculella
agri.pest_disease_scale_red_scale_phyllocnistis_citrella,Scale - Red scale,Phyllocnistis citrella
agri.pest_disease_scale_red_scale_planococcus_citri,Scale - Red scale,Planococcus citri
agri.pest_disease_scale_red_scale_pseudococcus_obscurus,Scale - Red scale,Pseudococcus obscurus
agri.pest_disease_scale_red_scale_rhopalosiphum_padi,Scale - Red scale,Rhopalosiphum padi
agri.pest_disease_scale_red_scale_schizaphis_graminum,Scale - Red scale,Schizaphis graminum
agri.pest_disease_scale_red_scale_sitobion_avenae,Scale - Red scale,Sitobion avenae
agri.pest_disease_scale_red_scale_toxoptera_citricidus,Scale - Red scale,Toxoptera citricidus
agri.pest_disease_scale_soft_brown_scale,Scale - Soft brown scale,
agri.pest_disease_scale_soft_brown_scale_planococcus_citri,Scale - Soft brown scale,Planococcus citri
agri.pest_disease_scale_soft_green_scale,Scale - Soft green scale,
agri.pest_disease_scale_soft_green_scale_planococcus_ficus,Scale - Soft green scale,Planococcus ficus
agri.pest_disease_scale_waxy_scale,Scale - Waxy scale,
agri.pest_disease_scale_waxy_scale_pseudococcus_longispinus,Scale - Waxy scale,Pseudococcus longispinus
agri.pest_disease_scale_white_peach_scale,Scale - White peach scale,
agri.pest_disease_sclerotinia_rot,Sclerotinia rot,
agri.pest_disease_sclerotinia_rot_sclerotinia_sclerotiorum,Sclerotinia rot,Sclerotinia sclerotiorum
agri.pest_disease_scutellonema_brachyurum_scutellonema_brachyurum,Scutellonema brachyurum,Scutellonema brachyurum
agri.pest_disease_seed_decay,Seed decay,
agri.pest_disease_seed-borne_diseases,Seed-borne diseases,
agri.pest_disease_seedling_disease_pythium,Seedling disease,Pythium
agri.pest_disease_selenophoma_donacis_selenophoma_donacis,Selenophoma donacis,Selenophoma donacis
agri.pest_disease_semi-looper,Semi-looper,
agri.pest_disease_semi-looper_sesamia_calamistis,Semi-looper,Sesamia calamistis
agri.pest_disease_semi-looper_spodoptera,Semi-looper,Spodoptera
agri.pest_disease_semi-looper_tomato_semi-looper_spodoptera_sp,Semi-looper - Tomato semi-looper,Spodoptera sp.
agri.pest_disease_semi-looper_tomato_semi-looper_tuta_absoluta,Semi-looper - Tomato semi-looper,Tuta absoluta
agri.pest_disease_semi-looper_tortrix,Semi-looper,Tortrix
agri.pest_disease_septoria_leaf_spot,Septoria leaf spot,
agri.pest_disease_septoria_nodorum_septoria_nodorum,Septoria nodorum,Septoria nodorum
agri.pest_disease_septoria_spp_septoria_spp,Septoria spp.,Septoria spp.
agri.pest_disease_septoria_tritici_septoria_tritici,Septoria tritici,Septoria tritici
agri.pest_disease_setosphaeria_turcica_setosphaeria_turcica,Setosphaeria turcica,Setosphaeria turcica
agri.pest_disease_shoot_growth_reduction,Shoot growth reduction,
agri.pest_disease_sigatoka_disease,Sigatoka disease,
agri.pest_disease_sitobion_avenae_sitobion_avenae,Sitobion avenae,Sitobion avenae
agri.pest_disease_skin_beetles,Skin beetles,
agri.pest_disease_slugs,Slugs,
agri.pest_disease_snails_brown_snail_helix_aspersa,Snails - Brown snail,Helix aspersa
agri.pest_disease_snails_white_dune_snail_theba_pisana,Snails - White dune snail,Theba pisana
agri.pest_disease_soft_brown_rot_phomopsis_mangiferae,Soft brown rot,Phomopsis mangiferae
agri.pest_disease_somaticus_spp_somaticus_spp,Somaticus spp.,Somaticus spp.
agri.pest_disease_sore_shin,Sore shin,
agri.pest_disease_speckled_leaf_blotch,Speckled leaf blotch,
agri.pest_disease_speckled_leaf_blotch_septoria_nodorum,Speckled leaf blotch,Septoria nodorum
agri.pest_disease_speckled_leaf_blotch_septoria_spp,Speckled leaf blotch,Septoria spp.
agri.pest_disease_sphaerotheca_fuliginea_sphaerotheca_fuliginea,Sphaerotheca fuliginea,Sphaerotheca fuliginea
agri.pest_disease_sphaerotheca_pannosa_sphaerotheca_pannosa,Sphaerotheca pannosa,Sphaerotheca pannosa
agri.pest_disease_spodoptera_frugiperda_spodoptera_frugiperda,Spodoptera frugiperda,Spodoptera frugiperda
agri.pest_disease_spotted_maize_beetle,Spotted maize beetle,
agri.pest_disease_spotted_maize_beetle_protostrophus_spp,Spotted maize beetle,Protostrophus spp.
agri.pest_disease_sprouting_improvement,Sprouting improvement,
agri.pest_disease_stainers,Stainers,
agri.pest_disease_stainers_spodoptera,Stainers,Spodoptera
agri.pest_disease_stainers_spodoptera_exempta,Stainers,Spodoptera exempta
agri.pest_disease_stalk_borer,Stalk borer,
agri.pest_disease_stalk_borer_busseola_stalk_borer_chilo_partellus,Stalk borer - Busseola stalk borer,Chilo partellus
agri.pest_disease_stalk_borer_chilo_partellus,Stalk borer,Chilo partellus
agri.pest_disease_stalk_borer_chilo_stalk_borer,Stalk borer - Chilo stalk borer,
agri.pest_disease_stalk_borer_maize_stalk_borer,Stalk borer - Maize stalk borer,
agri.pest_disease_stalk_borer_maize_stalk_borer_busseola_fusca,Stalk borer - Maize stalk borer,Busseola fusca
agri.pest_disease_stalk_borer_maize_stalk_borer_chilo_partellus,Stalk borer - Maize stalk borer,Chilo partellus
agri.pest_disease_stalk_borer_maize_stalk_borer_pieris_brassicae,Stalk borer - Maize stalk borer,Pieris brassicae
agri.pest_disease_stalk_borer_maize_stalk_borer_plutella_xylostella,Stalk borer - Maize stalk borer,Plutella xylostella
agri.pest_disease_stalk_borer_pink_stalk_borer,Stalk borer - Pink stalk borer,
agri.pest_disease_stalk_borer_sorghum_stalk_borer_chilo_partellus,Stalk borer - Sorghum stalk borer,Chilo partellus
agri.pest_disease_stalk_borer_spodoptera_exempta,Stalk borer,Spodoptera exempta
agri.pest_disease_stalk_borer_spodoptera_exigua,Stalk borer,Spodoptera exigua
agri.pest_disease_stem_borer,Stem borer,
agri.pest_disease_stem_borer_helicoverpa_armigera,Stem borer,Helicoverpa armigera
agri.pest_disease_stem_borer_sorghum_stem_borer_helicoverpa_armigera,Stem borer - Sorghum stem borer,Helicoverpa armigera
agri.pest_disease_stem_borer_sorghum_stem_borer_phthorimaea_operculella,Stem borer - Sorghum stem borer,Phthorimaea operculella
agri.pest_disease_stem_borer_sorghum_stem_borer_plutella_xylostella,Stem borer - Sorghum stem borer,Plutella xylostella
agri.pest_disease_stem_borer_sorghum_stem_borer_spodoptera_frugiperda,Stem borer - Sorghum stem borer,Spodoptera frugiperda
agri.pest_disease_stem_canker,Stem canker,
agri.pest_disease_stem_rot_setosphaeria_turcica,Stem rot,Setosphaeria turcica
agri.pest_disease_stem-end_rot,Stem-end rot,
agri.pest_disease_stem-end_rot_complex_pseudocercospora_purpurea,Stem-end rot complex,Pseudocercospora purpurea
agri.pest_disease_stinkbug,Stinkbug,
agri.pest_disease_stinkbug_scirtothrips_aurantii,Stinkbug,Scirtothrips aurantii
agri.pest_disease_stinkbug_small_stinkbug,Stinkbug - Small stinkbug,
agri.pest_disease_stinkbug_spodoptera_exigua,Stinkbug,Spodoptera exigua
agri.pest_disease_stinkbug_stinkbug_complex_sitobion_avenae,Stinkbug - Stinkbug complex,Sitobion avenae
agri.pest_disease_stinkbug_tortrix_capensana,Stinkbug,Tortrix capensana
agri.pest_disease_stinking_smut,Stinking smut,
agri.pest_disease_stomoxys_calcitrans_stomoxys_calcitrans,Stomoxys calcitrans,Stomoxys calcitrans
agri.pest_disease_sucker_growth,Sucker growth,
agri.pest_disease_sugar-acid_ratio,Sugar-acid ratio,
agri.pest_disease_sugarcane_longhorn_beetle_spodoptera_spp,Sugarcane longhorn beetle,Spodoptera spp.
agri.pest_disease_syagrus_beetle,Syagrus beetle,
agri.pest_disease_telletia_indica_telletia_indica,Telletia indica,Telletia indica
agri.pest_disease_tetranychus_urticae_cinnabarinus_tetranychus_urticae_cinnabarinus,Tetranychus urticae (cinnabarinus),Tetranychus urticae (cinnabarinus)
agri.pest_disease_thaumatotibia_batrachopa_thaumatotibia_batrachopa,Thaumatotibia batrachopa,Thaumatotibia batrachopa
agri.pest_disease_thrips,Thrips,
agri.pest_disease_thrips_citrus_thrips,Thrips - Citrus thrips,
agri.pest_disease_thrips_citrus_thrips_rhopalosiphum_maidis,Thrips - Citrus thrips,Rhopalosiphum maidis
agri.pest_disease_thrips_citrus_thrips_schizaphis_graminum,Thrips - Citrus thrips,Schizaphis graminum
agri.pest_disease_thrips_citrus_thrips_scirtothrips_aurantii,Thrips - Citrus thrips,Scirtothrips aurantii
agri.pest_disease_thrips_onion_thrips,Thrips - Onion thrips,
agri.pest_disease_thrips_pseudococcus_longispinus,Thrips,Pseudococcus longispinus
agri.pest_disease_thrips_schizaphis_graminum,Thrips,Schizaphis graminum
agri.pest_disease_thrips_scirtothrips_aurantii,Thrips,Scirtothrips aurantii
agri.pest_disease_thrips_tetranychus_urticae_cinnabarinus,Thrips,Tetranychus urticae (cinnabarinus)
agri.pest_disease_thrips_tortrix_capensana,Thrips,Tortrix capensana
agri.pest_disease_thrips_toxoptera_citricidus,Thrips,Toxoptera citricidus
agri.pest_disease_thrips_toxoptera_spp,Thrips,Toxoptera spp.
agri.pest_disease_thrips_trioza_erytreae,Thrips,Trioza erytreae
agri.pest_disease_thrips_western_flower_thrips_scirtothrips_aurantii,Thrips - Western flower thrips,Scirtothrips aurantii
agri.pest_disease_thrips_western_flower_thrips_sitobion_avenae,Thrips - Western flower thrips,Sitobion avenae
agri.pest_disease_thrips_western_flower_thrips_toxoptera_citricidus,Thrips - Western flower thrips,Toxoptera citricidus
agri.pest_disease_ticks,Ticks,
agri.pest_disease_tobacco_slug,Tobacco slug,
agri.pest_disease_toxoptera_citricida_toxoptera_citricida,Toxoptera citricida,Toxoptera citricida
agri.pest_disease_toxoptera_citricidus_toxoptera_citricidus,Toxoptera citricidus,Toxoptera citricidus
agri.pest_disease_trialeurodes_vaporariorum_trialeurodes_vaporariorum,Trialeurodes vaporariorum,Trialeurodes vaporariorum
agri.pest_disease_trialeurodes_vaporarium_trialeurodes_vaporarium,Trialeurodes vaporarium,Trialeurodes vaporarium
agri.pest_disease_trioza_erytreae_trioza_erytreae,Trioza erytreae,Trioza erytreae
agri.pest_disease_tuta_absoluta_tuta_absoluta,Tuta absoluta,Tuta absoluta
agri.pest_disease_tylenchulus_semipenetrans_tylenchulus_semipenetrans,Tylenchulus semipenetrans,Tylenchulus semipenetrans
agri.pest_disease_uniform_ripening,Uniform ripening,
agri.pest_disease_uromyces_appendiculatus_uromyces_appendiculatus,Uromyces appendiculatus,Uromyces appendiculatus
agri.pest_disease_various_spp_incl_frankliniella_occidentalis_various_spp_incl_frankliniella_occidentalis,Various spp. incl. Frankliniella occidentalis,Various spp. incl. Frankliniella occidentalis
agri.pest_disease_various_spp_various_spp,Various spp.,Various spp.
agri.pest_disease_vegetative_growth_control,Vegetative growth control,
agri.pest_disease_venturia_inaequalis_venturia_inaequalis,Venturia inaequalis,Venturia inaequalis
agri.pest_disease_venturia_pirina_venturia_pirina,Venturia pirina,Venturia pirina
agri.pest_disease_venturia_spp_venturia_spp,Venturia spp.,Venturia spp.
agri.pest_disease_wattle_bagworm,Wattle bagworm,
agri.pest_disease_web_blotch,Web blotch,
agri.pest_disease_web_blotch_puccinia_arachidis,Web blotch,Puccinia arachidis
agri.pest_disease_web_blotch_puccinia_sorghi,Web blotch,Puccinia sorghi
agri.pest_disease_weeds_aquatic_weeds,Weeds - Aquatic weeds,
agri.pest_disease_weeds_broadleaf_weeds,Weeds - Broadleaf weeds,
agri.pest_disease_weeds_broadleaf_weeds_trichodorus_spp,Weeds - Broadleaf weeds,Trichodorus spp.
agri.pest_disease_weeds_grass_weeds,Weeds - Grass weeds,
agri.pest_disease_weeds_noxious_weeds,Weeds - Noxious weeds,
agri.pest_disease_weeds_sedges,Weeds - Sedges,
agri.pest_disease_weevils,Weevils,
agri.pest_disease_weevils_banded_fruit_weevil,Weevils - Banded fruit weevil,
agri.pest_disease_weevils_banded_fruit_weevil_phthorimaea_operculella,Weevils - Banded fruit weevil,Phthorimaea operculella
agri.pest_disease_weevils_banded_fruit_weevil_plutella_xylostella,Weevils - Banded fruit weevil,Plutella xylostella
agri.pest_disease_weevils_banded_fruit_weevil_tetranychus_lombardinii,Weevils - Banded fruit weevil,Tetranychus lombardinii
agri.pest_disease_weevils_eucalyptus_snout_beetle,Weevils - Eucalyptus snout beetle,
agri.pest_disease_weevils_ground_weevil,Weevils - Ground weevil,
agri.pest_disease_weevils_ground_weevil_protostrophus_spp,Weevils - Ground weevil,Protostrophus spp.
agri.pest_disease_weevils_ground_weevil_tenebrionidae_spp,Weevils - Ground weevil,Tenebrionidae spp.
agri.pest_disease_weevils_mango_seed_weevil_sternochetus_mangiferae,Weevils - Mango seed weevil,Sternochetus mangiferae
agri.pest_disease_weevils_mango_weevil,Weevils - Mango weevil,
agri.pest_disease_weevils_snout_beetle,Weevils - Snout beetle,
agri.pest_disease_wet_bubble,Wet bubble,
agri.pest_disease_white_blister,White blister,
agri.pest_disease_white_blister_alternaria_solani,White blister,Alternaria solani
agri.pest_disease_white_bulb_rot,White bulb rot,
agri.pest_disease_white_grubs,White grubs,
agri.pest_disease_white_grubs_trioza_erytreae,White grubs,Trioza erytreae
agri.pest_disease_whitefly,Whitefly,
agri.pest_disease_whitefly_scirtothrips_aurantii,Whitefly,Scirtothrips aurantii
agri.pest_disease_whitefly_tetranychus_urticae,Whitefly,Tetranychus urticae
agri.pest_disease_whitefly_toxoptera_citricida,Whitefly,Toxoptera citricida
agri.pest_disease_whitefly_trialeurodes_vaporariorum,Whitefly,Trialeurodes vaporariorum
agri.pest_disease_whitefly_woolly_whitefly,Whitefly - Woolly whitefly,
agri.pest_disease_wild_fire,Wild fire,
agri.pest_disease_willow_emperor_moth,Willow emperor moth,
agri.pest_disease_wilting_disease,Wilting disease,
agri.pest_disease_wireworm,Wireworm,
agri.pest_disease_xiphinema_spp_xiphinema_spp,Xiphinema spp.,Xiphinema spp.
